, 
0,ingredients
1,Mango
2,Organic Peruvian Groundcherry
3,Orange Extract
4,Ambrette seeds
5,Apple Cinnamon Granola
6,Americano Coffee
7,Campari Tomato
8,Mulberry
9,Munch Chocolate
10,Organic Maize
11,Pickled Cauliflower
12,Strawberry Gelatin
13,tomato
14,Tamarind
15,Vegan Carob Chips
16,Vegan Marshmallow
17,Vegan Semisweet Chocolate Chips
18,Cadbury Double Decker Chocolate Bar
19,Chia Meal
20,Crunch Bars
21,Cardamom
22,Murukku Packet
23,Organic Tartar Cream
24,Vegan Chicken Strips
25,Vegan Chorizo
26,Vegan Puff Pastry Sheet
27,Vegan White Cake
28,Vegetable Stock
29,Arizona Seasoning
30,Celery Soup
31,Giardiniera
32,Muesli
33,Peanut Butter
34,Snickers Spread
35,Vinegar
36,Baby Abalone
37,Hog Maw
38,Mccormick Montreal Steak Seasoning
39,Pork Chump Chops
40,Pork Lungs
41,Pork Tripe
42,Smokies Sausage
43,Salmon
